token,entity
endro,4195887728431377885
endro,4195887728431377885
endro,4195887728431377885
haryanto,4195887728431377885
budi,4195887728431377885
budi,4195887728431377885
rekonstruksi,4195887728431377885
sulaiman,4195887728431377885
sulaiman,4195887728431377885
alias,4195887728431377885
spesifik,4195887728431377885
ardy,4195887728431377885
ardy,4195887728431377885
ryadi,4195887728431377885
muhammad,4195887728431377885
eka,4195887728431377885
faturahman,4195887728431377885
resmi,4195887728431377885
edi,4195887728431377885
susanto,4195887728431377885
edi,4195887728431377885
afriandi,4195887728431377885
afriandi,4195887728431377885
resmi,4195887728431377885
rheonald,4195887728431377885
rheonald,4195887728431377885
rappocini,4195887728431377885
yani,4195887728431377885
afriandi,4195887728431377885
afriandi,4195887728431377885
resmi,4195887728431377885
muhammad,4195887728431377885
yusuf,4195887728431377885
jamaluddin,4195887728431377885
jamaluddin,4195887728431377885
khalil,4195887728431377885
agung,4195887728431377885
adnyana,4195887728431377885
andi,4195887728431377885
rekayasa,4195887728431377885
erwin,4195887728431377885
erwin,4195887728431377885
erwin,4195887728431377885
resmi,4195887728431377885
resmi,4195887728431377885
rheonald,4195887728431377885
akhmad,4195887728431377885
afriandi,4195887728431377885
afriandi,4195887728431377885
resmi,4195887728431377885
resmi,4195887728431377885
drs,4195887728431377885
erwin,4195887728431377885
erwin,4195887728431377885
erwin,4195887728431377885
hendro,4195887728431377885
hendro,4195887728431377885
ahmad,4195887728431377885
fandi,4195887728431377885
erwin,4195887728431377885
erwin,4195887728431377885
erwin,4195887728431377885
erwin,4195887728431377885
erwin,4195887728431377885
erwin,4195887728431377885
yusantiyo,4195887728431377885
sandhy,4195887728431377885
erwin,4195887728431377885
erwin,4195887728431377885
erwin,4195887728431377885
erwin,4195887728431377885
erwin,4195887728431377885
erwin,4195887728431377885
erwin,4195887728431377885
erwin,4195887728431377885
erwin,4195887728431377885
erwin,4195887728431377885
sumarsono,4195887728431377885
abdul,4195887728431377885
abdul,4195887728431377885
agama,4195887728431377885
adat,4195887728431377885
muhammad,4195887728431377885
muhammad,4195887728431377885
hendri,4195887728431377885
andi,4195887728431377885
aris,4195887728431377885
andi,4195887728431377885
aris,4195887728431377885
nasution,4195887728431377885
hendro,4195887728431377885
hendro,4195887728431377885
hendro,4195887728431377885
firman,4195887728431377885
muhalis,4195887728431377885
muhalis,4195887728431377885
muhalis,4195887728431377885
tomi,4195887728431377885
tomi,4195887728431377885
reski,4195887728431377885
eri,4195887728431377885
dasmi,4195887728431377885
erwin,4195887728431377885
erwin,4195887728431377885
ardika,4195887728431377885
afriandi,4195887728431377885
budi,4195887728431377885
erwin,4195887728431377885
erwin,4195887728431377885
erwin,4195887728431377885
erwin,4195887728431377885
erwin,4195887728431377885
noordianto,4195887728431377885
andi,4195887728431377885
andi,4195887728431377885
erwin,4195887728431377885
erwin,4195887728431377885
erwin,4195887728431377885
erwin,4195887728431377885
erwin,4195887728431377885
erwin,4195887728431377885
erwin,4195887728431377885
erwin,4195887728431377885
muhalis,4195887728431377885
muhalis,4195887728431377885
fitrayadi,4195887728431377885
syamsuardi,4195887728431377885
afhi,4195887728431377885
andi,4195887728431377885
andi,4195887728431377885
andi,4195887728431377885
andi,4195887728431377885
aris,4195887728431377885
khalil,4195887728431377885
muhalis,4195887728431377885
muhalis,4195887728431377885
muhalis,4195887728431377885
tomi,4195887728431377885
muhalis,4195887728431377885
tomi,4195887728431377885
fahrun,4195887728431377885
affandi,4195887728431377885
afriandi,4195887728431377885
erwin,4195887728431377885
erwin,4195887728431377885
erwin,4195887728431377885
erwin,4195887728431377885
afriandi,4195887728431377885
afriandi,4195887728431377885
resmi,4195887728431377885
erwin,4195887728431377885
erwin,4195887728431377885
erwin,4195887728431377885
erwin,4195887728431377885
erwin,4195887728431377885
erwin,4195887728431377885
erwin,4195887728431377885
erwin,4195887728431377885
resmi,4195887728431377885
rusdi,4195887728431377885
muhammad,4195887728431377885
budi,4195887728431377885
budi,4195887728431377885
endro,4195887728431377885
erwin,4195887728431377885
erwin,4195887728431377885
wibowo,4195887728431377885
amplas,4195887728431377885
amplas,4195887728431377885
amplas,4195887728431377885
abdul,4195887728431377885
wicaksono,4195887728431377885
rusuk,4195887728431377885
resmi,4195887728431377885
endro,4195887728431377885
revianto,4195887728431377885
suradi,4195887728431377885
erwin,4195887728431377885
dharma,4195887728431377885
abdul,4195887728431377885
muhammad,4195887728431377885
yusuf,4195887728431377885
yusuf,4195887728431377885
erwin,4195887728431377885
erwin,4195887728431377885
erwin,4195887728431377885
erwin,4195887728431377885
erwin,4195887728431377885
erwin,4195887728431377885
erwin,4195887728431377885
erwin,4195887728431377885
novri,4195887728431377885
novri,4195887728431377885
novri,4195887728431377885
novri,4195887728431377885
yusantiyo,4195887728431377885
sandy,4195887728431377885
afriandi,4195887728431377885
yusuf,4195887728431377885
rizkika,4195887728431377885
aulia,4195887728431377885
rafiqi,4195887728431377885
aulia,4195887728431377885
aulia,4195887728431377885
aulia,4195887728431377885
aulia,4195887728431377885
aulia,4195887728431377885
aulia,4195887728431377885
aulia,4195887728431377885
aulia,4195887728431377885
aulia,4195887728431377885
aulia,4195887728431377885
sales,4195887728431377885
aulia,4195887728431377885
aulia,4195887728431377885
aulia,4195887728431377885
agung,4195887728431377885
supriyadi,4195887728431377885
ady,4195887728431377885
wibowo,4195887728431377885
muhammad,4195887728431377885
muhammad,4195887728431377885
arsya,4195887728431377885
ricky,4195887728431377885
zulpan,4195887728431377885
zulpan,4195887728431377885
muhammad,4195887728431377885
fikri,4195887728431377885
suharto,4195887728431377885
sulistiyono,4195887728431377885
zulpan,4195887728431377885
edi,4195887728431377885
erna,4195887728431377885
ruswing,4195887728431377885
ferdy,4195887728431377885
ferdy,4195887728431377885
ferdy,4195887728431377885
ferdy,4195887728431377885
ferdy,4195887728431377885
ferdy,4195887728431377885
